{
  "version": 1,
  "author": "raraazr",
  "editor": "wokwi",
  "parts": [
    { "type": "wokwi-arduino-uno", "id": "uno", "top": 87, "left": -39, "attrs": {} },
    {
      "type": "wokwi-led",
      "id": "led1",
      "top": -70.8,
      "left": -63.4,
      "attrs": { "color": "red" }
    },
    {
      "type": "wokwi-led",
      "id": "led2",
      "top": -70.8,
      "left": 3.8,
      "attrs": { "color": "yellow" }
    },
    {
      "type": "wokwi-led",
      "id": "led3",
      "top": -70.8,
      "left": 71,
      "attrs": { "color": "limegreen" }
    },
    {
      "type": "wokwi-7segment",
      "id": "sevseg1",
      "top": 111.42,
      "left": 355.76,
      "attrs": { "digits": "2", "colon": "", "common": "cathode" }
    },
    {
      "type": "wokwi-pushbutton",
      "id": "btn1",
      "top": 143.9,
      "left": 493.1,
      "rotate": 90,
      "attrs": { "color": "green" }
    },
    {
      "type": "wokwi-resistor",
      "id": "r1",
      "top": 81.6,
      "left": -182.95,
      "rotate": 90,
      "attrs": { "value": "1000" }
    },
    {
      "type": "wokwi-resistor",
      "id": "r2",
      "top": 81.6,
      "left": -154.15,
      "rotate": 90,
      "attrs": { "value": "1000" }
    },
    {
      "type": "wokwi-resistor",
      "id": "r3",
      "top": 81.6,
      "left": -125.35,
      "rotate": 90,
      "attrs": { "value": "1000" }
    },
    {
      "type": "wokwi-resistor",
      "id": "r4",
      "top": 339.95,
      "left": 384,
      "attrs": { "value": "1000" }
    }
  ],
  "connections": [
    [ "sevseg1:F", "uno:9", "cyan", [ "v-96", "h-297.6" ] ],
    [ "sevseg1:DIG2", "uno:12", "yellow", [ "v-86.4", "h-316.8" ] ],
    [ "sevseg1:DIG1", "uno:11", "limegreen", [ "v-76.8", "h-297.6" ] ],
    [ "sevseg1:B", "uno:5", "magenta", [ "v-115.2", "h-220.8" ] ],
    [ "sevseg1:A", "uno:4", "purple", [ "v-67.2", "h-211.2" ] ],
    [ "sevseg1:G", "uno:10", "#8f4814", [ "h0", "v85.56", "h-105.6", "v-211.2", "h-201.6" ] ],
    [ "sevseg1:D", "uno:7", "orange", [ "v66.36", "h-115.2", "v-259.2", "h-144" ] ],
    [ "sevseg1:E", "uno:8", "violet", [ "v56.76", "h-124.8", "v-259.2", "h-134.4" ] ],
    [ "sevseg1:C", "uno:6", "blue", [ "v37.56", "h-124.8", "v-249.6", "h-86.4" ] ],
    [ "btn1:2.r", "uno:5V", "red", [ "v125", "h-403.4" ] ],
    [ "btn1:2.l", "uno:5V", "red", [ "v-124.8", "h-38.6", "v297.6", "h-355.2" ] ],
    [ "btn1:1.r", "r4:2", "black", [ "v0" ] ],
    [ "r4:1", "uno:GND.3", "black", [ "v0", "h-249.6" ] ],
    [ "led3:C", "r3:1", "black", [ "v28.8", "h-182" ] ],
    [ "led2:C", "r2:1", "black", [ "v19.2", "h-134" ] ],
    [ "led1:C", "r1:1", "black", [ "v9.6", "h-105.2" ] ],
    [ "r3:2", "uno:GND.3", "black", [ "h0", "v229.2", "h230.4" ] ],
    [ "r2:2", "uno:GND.3", "black", [ "h0", "v238.8", "h268.8" ] ],
    [ "r1:2", "uno:GND.3", "black", [ "h0", "v248.4", "h288" ] ],
    [ "led3:A", "uno:13", "green", [ "v48", "h-9.6" ] ],
    [ "led2:A", "uno:1", "gold", [ "v96", "h182.4" ] ],
    [ "led1:A", "uno:2", "cyan", [ "v105.6", "h230.4" ] ],
    [ "btn1:1.l", "uno:3", "green", [ "v-182.4", "h-345.6" ] ]
  ],
  "dependencies": {}
}