{
  "version": 1,
  "author": "raraazr",
  "editor": "wokwi",
  "parts": [
    { "type": "wokwi-arduino-uno", "id": "uno", "top": 192.6, "left": -19.8, "attrs": {} },
    {
      "type": "wokwi-7segment",
      "id": "sevseg1",
      "top": -71.82,
      "left": 33.88,
      "attrs": { "common": "cathode" }
    },
    {
      "type": "wokwi-7segment",
      "id": "sevseg2",
      "top": -71.82,
      "left": 81.88,
      "attrs": { "common": "cathode" }
    },
    {
      "type": "wokwi-resistor",
      "id": "r1",
      "top": 416.75,
      "left": 220.8,
      "attrs": { "value": "1000" }
    },
    {
      "type": "wokwi-resistor",
      "id": "r2",
      "top": 407.15,
      "left": 96,
      "attrs": { "value": "1000" }
    },
    {
      "type": "wokwi-resistor",
      "id": "r3",
      "top": 120,
      "left": 76.25,
      "rotate": 90,
      "attrs": { "value": "1000" }
    },
    {
      "type": "wokwi-resistor",
      "id": "r4",
      "top": 435.95,
      "left": 163.2,
      "attrs": { "value": "1000" }
    },
    {
      "type": "wokwi-resistor",
      "id": "r5",
      "top": 120,
      "left": 57.05,
      "rotate": 90,
      "attrs": { "value": "1000" }
    },
    {
      "type": "wokwi-resistor",
      "id": "r6",
      "top": 120,
      "left": 85.85,
      "rotate": 90,
      "attrs": { "value": "1000" }
    },
    {
      "type": "wokwi-resistor",
      "id": "r7",
      "top": 120,
      "left": 95.45,
      "rotate": 90,
      "attrs": { "value": "1000" }
    },
    {
      "type": "wokwi-resistor",
      "id": "r8",
      "top": 120,
      "left": 105.05,
      "rotate": 90,
      "attrs": { "value": "1000" }
    },
    {
      "type": "wokwi-resistor",
      "id": "r9",
      "top": 120,
      "left": 124.25,
      "rotate": 90,
      "attrs": { "value": "1000" }
    },
    {
      "type": "wokwi-resistor",
      "id": "r10",
      "top": 120,
      "left": 114.65,
      "rotate": 90,
      "attrs": { "value": "1000" }
    },
    {
      "type": "wokwi-resistor",
      "id": "r11",
      "top": 120,
      "left": 143.45,
      "rotate": 90,
      "attrs": { "value": "1000" }
    },
    {
      "type": "wokwi-resistor",
      "id": "r12",
      "top": 120,
      "left": 153.05,
      "rotate": 90,
      "attrs": { "value": "1000" }
    },
    {
      "type": "wokwi-resistor",
      "id": "r13",
      "top": 120,
      "left": 162.65,
      "rotate": 90,
      "attrs": { "value": "1000" }
    },
    {
      "type": "wokwi-resistor",
      "id": "r14",
      "top": 120,
      "left": 181.85,
      "rotate": 90,
      "attrs": { "value": "1000" }
    },
    {
      "type": "wokwi-resistor",
      "id": "r15",
      "top": 120,
      "left": 191.45,
      "rotate": 90,
      "attrs": { "value": "1000" }
    },
    {
      "type": "wokwi-resistor",
      "id": "r16",
      "top": 120,
      "left": 172.25,
      "rotate": 90,
      "attrs": { "value": "1000" }
    }
  ],
  "connections": [
    [ "r13:2", "uno:5", "white", [ "h0" ] ],
    [ "r12:2", "uno:6", "gray", [ "h0" ] ],
    [ "r11:2", "uno:7", "violet", [ "h0" ] ],
    [ "r9:2", "uno:8", "blue", [ "h0" ] ],
    [ "r10:2", "uno:9", "green", [ "h0" ] ],
    [ "r8:2", "uno:10", "gold", [ "h0" ] ],
    [ "r7:2", "uno:11", "orange", [ "h0", "v46.8" ] ],
    [ "r6:2", "uno:12", "red", [ "h0" ] ],
    [ "r3:2", "uno:13", "#8f4814", [ "h0" ] ],
    [ "r5:2", "uno:GND.1", "black", [ "h0" ] ],
    [ "sevseg1:G", "r9:1", "blue", [ "v-27.96", "h105.6" ] ],
    [ "sevseg1:F", "r11:1", "violet", [ "v-18.36", "h124.8" ] ],
    [ "uno:A1", "r1:1", "yellow", [ "v0" ] ],
    [ "sevseg2:G", "r1:2", "yellow", [ "v-47.16", "h163.2" ] ],
    [ "sevseg2:F", "r4:2", "cyan", [ "v-66.36", "h220.8", "v556.8" ] ],
    [ "r4:1", "uno:A0", "cyan", [ "v-28.8", "h28.8" ] ],
    [ "sevseg2:A", "r10:1", "green", [ "v-95.16", "h-9.6" ] ],
    [ "sevseg2:B", "r8:1", "gold", [ "v-114.36", "h9.6" ] ],
    [ "sevseg1:E", "r12:1", "gray", [ "v9.6", "h144" ] ],
    [ "sevseg1:D", "r13:1", "white", [ "v19.2", "h144" ] ],
    [ "sevseg1:COM.1", "r5:1", "black", [ "h0", "v57.6" ] ],
    [ "sevseg2:E", "r3:1", "#8f4814", [ "v76.8", "h19.2" ] ],
    [ "sevseg2:D", "r6:1", "red", [ "v67.2", "h9.6" ] ],
    [ "sevseg2:COM.1", "r2:1", "black", [ "h0", "v57.6", "h-144", "v345.6" ] ],
    [ "sevseg2:C", "r7:1", "orange", [ "v57.6", "h9.6" ] ],
    [ "sevseg1:C", "r16:1", "purple", [ "v38.4", "h134.4" ] ],
    [ "r16:2", "uno:4", "purple", [ "h0" ] ],
    [ "r14:2", "uno:3", "magenta", [ "h0" ] ],
    [ "r15:2", "uno:2", "limegreen", [ "h0" ] ],
    [ "sevseg1:A", "r15:1", "limegreen", [ "v-56.76", "h124.8" ] ],
    [ "sevseg1:B", "r14:1", "magenta", [ "v-56.76", "h0", "v-19.2", "h134.4" ] ],
    [ "uno:GND.3", "r2:2", "black", [ "v0" ] ]
  ],
  "dependencies": {}
}