{
  "version": 1,
  "author": "raraazr",
  "editor": "wokwi",
  "parts": [
    { "type": "wokwi-arduino-uno", "id": "uno", "top": 96.6, "left": -29.4, "attrs": {} },
    {
      "type": "wokwi-7segment",
      "id": "sevseg1",
      "top": -91.02,
      "left": 91.48,
      "attrs": { "common": "cathode" }
    },
    {
      "type": "wokwi-resistor",
      "id": "r1",
      "top": -14.4,
      "left": -38.95,
      "rotate": 90,
      "attrs": { "value": "1000" }
    }
  ],
  "connections": [
    [ "sevseg1:G", "uno:7", "purple", [ "v-27.96", "h-67.2", "v192", "h134.4" ] ],
    [ "sevseg1:F", "uno:6", "magenta", [ "v-37.56", "h-67.2", "v182.4", "h134.4" ] ],
    [ "r1:2", "uno:GND.1", "black", [ "h0", "v66", "h96" ] ],
    [ "sevseg1:COM.2", "r1:1", "limegreen", [ "h0", "v-47.16", "h-144" ] ],
    [ "sevseg1:A", "uno:1", "yellow", [ "v-47.16", "h96" ] ],
    [ "sevseg1:B", "uno:2", "cyan", [ "v-37.56", "h67.2" ] ],
    [ "sevseg1:E", "uno:5", "blue", [ "v57.6", "h76.8" ] ],
    [ "sevseg1:D", "uno:4", "red", [ "v48", "h86.4" ] ],
    [ "sevseg1:COM.1", "r1:1", "#8f4814", [ "h0", "v38.4", "h124.8", "v-163.2", "h-249.6" ] ],
    [ "sevseg1:C", "uno:3", "orange", [ "v19.2", "h67.2" ] ]
  ],
  "dependencies": {}
}