{
  "version": 1,
  "author": "raraazr",
  "editor": "wokwi",
  "parts": [
    { "type": "wokwi-arduino-uno", "id": "uno", "top": 77.4, "left": 28.2, "attrs": {} },
    {
      "type": "wokwi-7segment",
      "id": "sevseg1",
      "top": -110.22,
      "left": 293.08,
      "attrs": { "common": "cathode" }
    },
    {
      "type": "wokwi-7segment",
      "id": "sevseg2",
      "top": -110.22,
      "left": 341.08,
      "attrs": { "common": "cathode" }
    },
    {
      "type": "wokwi-resistor",
      "id": "r1",
      "top": 359.45,
      "left": 171.4,
      "rotate": 180,
      "attrs": { "value": "1000" }
    },
    {
      "type": "wokwi-resistor",
      "id": "r2",
      "top": 24,
      "left": 105.05,
      "rotate": 90,
      "attrs": { "value": "1000" }
    },
    {
      "type": "wokwi-resistor",
      "id": "r3",
      "top": 321.05,
      "left": 286.6,
      "rotate": 180,
      "attrs": { "value": "1000" }
    },
    {
      "type": "wokwi-pushbutton",
      "id": "btn1",
      "top": 351.8,
      "left": 259.2,
      "attrs": { "color": "green" }
    }
  ],
  "connections": [
    [ "sevseg2:B", "uno:10", "cyan", [ "v-47.16", "h-192" ] ],
    [ "sevseg2:A", "uno:9", "yellow", [ "v-56.76", "h-182.4" ] ],
    [
      "sevseg2:F",
      "uno:A0",
      "orange",
      [ "v-56.76", "h0", "v-9.6", "h38.4", "v470.4", "h-153.6" ]
    ],
    [ "sevseg2:G", "uno:A1", "#8f4814", [ "v-85.56", "h57.6", "v499.2", "h-153.6" ] ],
    [ "sevseg1:B", "uno:3", "limegreen", [ "v-8.76", "h-76.8" ] ],
    [ "sevseg1:A", "uno:2", "magenta", [ "v-18.36", "h-48" ] ],
    [ "sevseg1:F", "uno:7", "purple", [ "v-27.96", "h-86.4" ] ],
    [ "sevseg1:G", "uno:8", "white", [ "v-37.56", "h-96" ] ],
    [ "sevseg2:C", "uno:11", "violet", [ "v9.6", "h-211.2" ] ],
    [ "r3:2", "uno:GND.3", "black", [ "v0", "h-75.6" ] ],
    [ "sevseg2:COM.1", "r3:1", "black", [ "h0", "v364.8" ] ],
    [ "sevseg2:D", "uno:12", "gray", [ "v28.8", "h-192" ] ],
    [ "sevseg2:E", "uno:13", "cyan", [ "v38.4", "h-201.6" ] ],
    [ "sevseg1:C", "uno:4", "blue", [ "v48", "h-86.4" ] ],
    [ "sevseg1:COM.1", "r2:1", "green", [ "h0", "v19.2", "h-182.4" ] ],
    [ "r2:2", "uno:GND.1", "green", [ "h0" ] ],
    [ "sevseg1:D", "uno:5", "gold", [ "v57.6", "h-76.8" ] ],
    [ "sevseg1:E", "uno:6", "orange", [ "v67.2", "h-67.2" ] ],
    [ "btn1:1.r", "uno:GND.2", "black", [ "v-28.8", "h-124.6" ] ],
    [ "btn1:1.l", "r1:1", "red", [ "h0" ] ],
    [ "r1:2", "uno:5V", "red", [ "v-76.8", "h20.4" ] ],
    [ "btn1:2.l", "uno:A2", "yellow", [ "h0" ] ]
  ],
  "dependencies": {}
}